P,,,,Statement of Votes Cast,,,,Date:12/06/16
,,,,,,,,Time:10:17:46
,,,,2016 General Election,,,,
,,,,,,,,Page:2605 of 6804
,,"SOVC For Jurisdiction Wide, All Counters, All Races",,,,,,
by Precinct,,,,,,,,
,,,OFFICIAL FINAL RESULTS,,,,,PDF Page: 3035 of 7391
,,,STOCKTON MAYOR,,,,,
Reg. Voters,Vote For,Times Counted,Total Votes,ANTHONY SILVA,,MICHAEL TUBBS,,
Jurisdiction Wide,,,,,,,,
11101,,,,,,,,
Polling OS,466,1,100,97,43,44.33%,54,55.67%
Polling TS,466,1,0,0,0,-,0,-
VBM,466,1,110,105,36,34.29%,69,65.71%
Early,466,1,0,0,0,-,0,-
Provisional,466,1,36,33,14,42.42%,19,57.58%
Total,466,5,246,235,93,39.57%,142,60.43%
11102,,,,,,,,
Polling OS,760,1,122,119,50,42.02%,69,57.98%
Polling TS,760,1,22,20,7,35.00%,13,65.00%
VBM,760,1,232,220,69,31.36%,151,68.64%
Early,760,1,0,0,0,-,0,-
Provisional,760,1,61,57,21,36.84%,36,63.16%
Total,760,5,437,416,147,35.34%,269,64.66%
11103,,,,,,,,
Polling OS,866,1,120,120,25,20.83%,95,79.17%
Polling TS,866,1,1,1,0,0.00%,1,100.00%
VBM,866,1,246,241,72,29.88%,169,70.12%
Early,866,1,0,0,0,-,0,-
Provisional,866,1,70,67,20,29.85%,47,70.15%
Total,866,5,437,429,117,27.27%,312,72.73%
11104,,,,,,,,
Polling OS,1787,1,192,188,74,39.36%,114,60.64%
Polling TS,1787,1,1,1,1,100.00%,0,0.00%
VBM,1787,1,559,544,210,38.60%,334,61.40%
Early,1787,1,0,0,0,-,0,-
Provisional,1787,1,102,93,41,44.09%,52,55.91%
Total,1787,5,854,826,326,39.47%,500,60.53%
11105,,,,,,,,
Polling OS,795,1,63,60,20,33.33%,40,66.67%
Polling TS,795,1,0,0,0,-,0,-
VBM,795,1,218,216,62,28.70%,154,71.30%
Early,795,1,0,0,0,-,0,-
Provisional,795,1,68,62,23,37.10%,39,62.90%
Total,795,5,349,338,105,31.07%,233,68.93%
11107,,,,,,,,
Polling OS,743,1,161,151,63,41.72%,88,58.28%
Polling TS,743,1,4,4,1,25.00%,3,75.00%
VBM,743,1,173,169,56,33.14%,113,66.86%
Early,743,1,0,0,0,-,0,-
Provisional,743,1,42,37,16,43.24%,21,56.76%
P,,,,Statement of Votes Cast,,,,Date:12/06/16
,,,,,,,,Time:10:17:46
,,,,2016 General Election,,,,
,,,,,,,,Page:2606 of 6804
,,"SOVC For Jurisdiction Wide, All Counters, All Races",,,,,,
by Precinct,,,,,,,,
,,,OFFICIAL FINAL RESULTS,,,,,PDF Page: 3036 of 7391
,,,STOCKTON MAYOR,,,,,
Reg. Voters,Vote For,Times Counted,Total Votes,ANTHONY SILVA,,MICHAEL TUBBS,,
Total,743,5,380,361,136,37.67%,225,62.33%
11108,,,,,,,,
Polling OS,776,1,91,86,41,47.67%,45,52.33%
Polling TS,776,1,0,0,0,-,0,-
VBM,776,1,200,197,68,34.52%,129,65.48%
Early,776,1,0,0,0,-,0,-
Provisional,776,1,56,48,18,37.50%,30,62.50%
Total,776,5,347,331,127,38.37%,204,61.63%
11109,,,,,,,,
Polling OS,810,1,119,114,42,36.84%,72,63.16%
Polling TS,810,1,0,0,0,-,0,-
VBM,810,1,231,226,98,43.36%,128,56.64%
Early,810,1,0,0,0,-,0,-
Provisional,810,1,65,60,31,51.67%,29,48.33%
Total,810,5,415,400,171,42.75%,229,57.25%
11110,,,,,,,,
Polling OS,1248,1,78,76,30,39.47%,46,60.53%
Polling TS,1248,1,0,0,0,-,0,-
VBM,1248,1,307,297,120,40.40%,177,59.60%
Early,1248,1,0,0,0,-,0,-
Provisional,1248,1,77,68,26,38.24%,42,61.76%
Total,1248,5,462,441,176,39.91%,265,60.09%
11111,,,,,,,,
Polling OS,1354,1,184,175,64,36.57%,111,63.43%
Polling TS,1354,1,0,0,0,-,0,-
VBM,1354,1,557,521,167,32.05%,354,67.95%
Early,1354,1,0,0,0,-,0,-
Provisional,1354,1,104,91,39,42.86%,52,57.14%
Total,1354,5,845,787,270,34.31%,517,65.69%
11112,,,,,,,,
Polling OS,775,1,77,75,36,48.00%,39,52.00%
Polling TS,775,1,0,0,0,-,0,-
VBM,775,1,197,191,69,36.13%,122,63.87%
Early,775,1,0,0,0,-,0,-
Provisional,775,1,60,56,30,53.57%,26,46.43%
Total,775,5,334,322,135,41.93%,187,58.07%
11114,,,,,,,,
Polling OS,1637,1,185,177,74,41.81%,103,58.19%
Polling TS,1637,1,0,0,0,-,0,-
VBM,1637,1,550,525,160,30.48%,365,69.52%
Early,1637,1,0,0,0,-,0,-
Provisional,1637,1,100,88,22,25.00%,66,75.00%
P,,,,Statement of Votes Cast,,,,Date:12/06/16
,,,,,,,,Time:10:17:46
,,,,2016 General Election,,,,
,,,,,,,,Page:2607 of 6804
,,"SOVC For Jurisdiction Wide, All Counters, All Races",,,,,,
by Precinct,,,,,,,,
,,,OFFICIAL FINAL RESULTS,,,,,PDF Page: 3037 of 7391
,,,STOCKTON MAYOR,,,,,
Reg. Voters,Vote For,Times Counted,Total Votes,ANTHONY SILVA,,MICHAEL TUBBS,,
Total,1637,5,835,790,256,32.41%,534,67.59%
11115,,,,,,,,
Polling OS,1188,1,144,137,53,38.69%,84,61.31%
Polling TS,1188,1,0,0,0,-,0,-
VBM,1188,1,435,421,130,30.88%,291,69.12%
Early,1188,1,0,0,0,-,0,-
Provisional,1188,1,101,92,35,38.04%,57,61.96%
Total,1188,5,680,650,218,33.54%,432,66.46%
11116,,,,,,,,
Polling OS,1474,1,250,234,83,35.47%,151,64.53%
Polling TS,1474,1,0,0,0,-,0,-
VBM,1474,1,427,417,157,37.65%,260,62.35%
Early,1474,1,0,0,0,-,0,-
Provisional,1474,1,102,87,29,33.33%,58,66.67%
Total,1474,5,779,738,269,36.45%,469,63.55%
11117,,,,,,,,
Polling OS,1599,1,174,171,59,34.50%,112,65.50%
Polling TS,1599,1,0,0,0,-,0,-
VBM,1599,1,451,422,146,34.60%,276,65.40%
Early,1599,1,0,0,0,-,0,-
Provisional,1599,1,119,109,45,41.28%,64,58.72%
Total,1599,5,744,702,250,35.61%,452,64.39%
11118,,,,,,,,
Polling OS,1425,1,211,192,71,36.98%,121,63.02%
Polling TS,1425,1,5,5,3,60.00%,2,40.00%
VBM,1425,1,563,525,176,33.52%,349,66.48%
Early,1425,1,0,0,0,-,0,-
Provisional,1425,1,106,87,33,37.93%,54,62.07%
Total,1425,5,885,809,283,34.98%,526,65.02%
11119,,,,,,,,
Polling OS,455,1,18,18,11,61.11%,7,38.89%
Polling TS,455,1,0,0,0,-,0,-
VBM,455,1,83,76,26,34.21%,50,65.79%
Early,455,1,0,0,0,-,0,-
Provisional,455,1,25,23,7,30.43%,16,69.57%
Total,455,5,126,117,44,37.61%,73,62.39%
11120,,,,,,,,
Polling OS,1535,1,187,184,81,44.02%,103,55.98%
Polling TS,1535,1,0,0,0,-,0,-
VBM,1535,1,479,462,197,42.64%,265,57.36%
Early,1535,1,0,0,0,-,0,-
Provisional,1535,1,123,101,46,45.54%,55,54.46%
P,,,,Statement of Votes Cast,,,,Date:12/06/16
,,,,,,,,Time:10:17:46
,,,,2016 General Election,,,,
,,,,,,,,Page:2608 of 6804
,,"SOVC For Jurisdiction Wide, All Counters, All Races",,,,,,
by Precinct,,,,,,,,
,,,OFFICIAL FINAL RESULTS,,,,,PDF Page: 3038 of 7391
,,,STOCKTON MAYOR,,,,,
Reg. Voters,Vote For,Times Counted,Total Votes,ANTHONY SILVA,,MICHAEL TUBBS,,
Total,1535,5,789,747,324,43.37%,423,56.63%
11121,,,,,,,,
Polling OS,1277,1,206,203,67,33.00%,136,67.00%
Polling TS,1277,1,0,0,0,-,0,-
VBM,1277,1,527,497,156,31.39%,341,68.61%
Early,1277,1,0,0,0,-,0,-
Provisional,1277,1,106,96,44,45.83%,52,54.17%
Total,1277,5,839,796,267,33.54%,529,66.46%
11122,,,,,,,,
Polling OS,1618,1,195,189,75,39.68%,114,60.32%
Polling TS,1618,1,0,0,0,-,0,-
VBM,1618,1,459,449,192,42.76%,257,57.24%
Early,1618,1,0,0,0,-,0,-
Provisional,1618,1,154,139,68,48.92%,71,51.08%
Total,1618,5,808,777,335,43.11%,442,56.89%
11124,,,,,,,,
Polling OS,804,1,105,103,53,51.46%,50,48.54%
Polling TS,804,1,0,0,0,-,0,-
VBM,804,1,254,232,77,33.19%,155,66.81%
Early,804,1,0,0,0,-,0,-
Provisional,804,1,67,61,27,44.26%,34,55.74%
Total,804,5,426,396,157,39.65%,239,60.35%
11125,,,,,,,,
Polling OS,1438,1,310,298,88,29.53%,210,70.47%
Polling TS,1438,1,2,2,0,0.00%,2,100.00%
VBM,1438,1,614,585,144,24.62%,441,75.38%
Early,1438,1,0,0,0,-,0,-
Provisional,1438,1,95,84,27,32.14%,57,67.86%
Total,1438,5,1021,969,259,26.73%,710,73.27%
11127,,,,,,,,
Polling OS,1490,1,223,217,74,34.10%,143,65.90%
Polling TS,1490,1,0,0,0,-,0,-
VBM,1490,1,550,528,173,32.77%,355,67.23%
Early,1490,1,0,0,0,-,0,-
Provisional,1490,1,132,127,48,37.80%,79,62.20%
Total,1490,5,905,872,295,33.83%,577,66.17%
11130,,,,,,,,
Polling OS,468,1,74,70,25,35.71%,45,64.29%
Polling TS,468,1,0,0,0,-,0,-
VBM,468,1,148,142,52,36.62%,90,63.38%
Early,468,1,0,0,0,-,0,-
Provisional,468,1,31,24,7,29.17%,17,70.83%
P,,,,Statement of Votes Cast,,,,Date:12/06/16
,,,,,,,,Time:10:17:46
,,,,2016 General Election,,,,
,,,,,,,,Page:2609 of 6804
,,"SOVC For Jurisdiction Wide, All Counters, All Races",,,,,,
by Precinct,,,,,,,,
,,,OFFICIAL FINAL RESULTS,,,,,PDF Page: 3039 of 7391
,,,STOCKTON MAYOR,,,,,
Reg. Voters,Vote For,Times Counted,Total Votes,ANTHONY SILVA,,MICHAEL TUBBS,,
Total,468,5,253,236,84,35.59%,152,64.41%
11134,,,,,,,,
Polling OS,722,1,126,123,45,36.59%,78,63.41%
Polling TS,722,1,1,1,1,100.00%,0,0.00%
VBM,722,1,227,222,85,38.29%,137,61.71%
Early,722,1,0,0,0,-,0,-
Provisional,722,1,62,58,30,51.72%,28,48.28%
Total,722,5,416,404,161,39.85%,243,60.15%
11137,,,,,,,,
Polling OS,838,1,137,132,39,29.55%,93,70.45%
Polling TS,838,1,0,0,0,-,0,-
VBM,838,1,329,322,110,34.16%,212,65.84%
Early,838,1,0,0,0,-,0,-
Provisional,838,1,48,48,24,50.00%,24,50.00%
Total,838,5,514,502,173,34.46%,329,65.54%
11140,,,,,,,,
Polling OS,670,1,88,82,38,46.34%,44,53.66%
Polling TS,670,1,3,2,2,100.00%,0,0.00%
VBM,670,1,204,192,68,35.42%,124,64.58%
Early,670,1,0,0,0,-,0,-
Provisional,670,1,40,35,19,54.29%,16,45.71%
Total,670,5,335,311,127,40.84%,184,59.16%
11142,,,,,,,,
Polling OS,1622,1,231,219,54,24.66%,165,75.34%
Polling TS,1622,1,1,1,0,0.00%,1,100.00%
VBM,1622,1,663,637,206,32.34%,431,67.66%
Early,1622,1,0,0,0,-,0,-
Provisional,1622,1,138,120,49,40.83%,71,59.17%
Total,1622,5,1033,977,309,31.63%,668,68.37%
11146,,,,,,,,
Polling OS,917,1,126,119,34,28.57%,85,71.43%
Polling TS,917,1,0,0,0,-,0,-
VBM,917,1,409,389,118,30.33%,271,69.67%
Early,917,1,0,0,0,-,0,-
Provisional,917,1,67,60,23,38.33%,37,61.67%
Total,917,5,602,568,175,30.81%,393,69.19%
11147,,,,,,,,
Polling OS,863,1,101,98,28,28.57%,70,71.43%
Polling TS,863,1,0,0,0,-,0,-
VBM,863,1,295,291,82,28.18%,209,71.82%
Early,863,1,0,0,0,-,0,-
Provisional,863,1,67,66,26,39.39%,40,60.61%
P,,,,Statement of Votes Cast,,,,Date:12/06/16
,,,,,,,,Time:10:17:46
,,,,2016 General Election,,,,
,,,,,,,,Page:2610 of 6804
,,"SOVC For Jurisdiction Wide, All Counters, All Races",,,,,,
by Precinct,,,,,,,,
,,,OFFICIAL FINAL RESULTS,,,,,PDF Page: 3040 of 7391
,,,STOCKTON MAYOR,,,,,
Reg. Voters,Vote For,Times Counted,Total Votes,ANTHONY SILVA,,MICHAEL TUBBS,,
Total,863,5,463,455,136,29.89%,319,70.11%
11149,,,,,,,,
Polling OS,1343,1,214,200,59,29.50%,141,70.50%
Polling TS,1343,1,0,0,0,-,0,-
VBM,1343,1,568,544,123,22.61%,421,77.39%
Early,1343,1,0,0,0,-,0,-
Provisional,1343,1,72,68,21,30.88%,47,69.12%
Total,1343,5,854,812,203,25.00%,609,75.00%
11151,,,,,,,,
Polling OS,1307,1,135,130,45,34.62%,85,65.38%
Polling TS,1307,1,0,0,0,-,0,-
VBM,1307,1,436,424,153,36.08%,271,63.92%
Early,1307,1,0,0,0,-,0,-
Provisional,1307,1,104,93,34,36.56%,59,63.44%
Total,1307,5,675,647,232,35.86%,415,64.14%
11152,,,,,,,,
Polling OS,1013,1,215,205,49,23.90%,156,76.10%
Polling TS,1013,1,0,0,0,-,0,-
VBM,1013,1,466,447,95,21.25%,352,78.75%
Early,1013,1,0,0,0,-,0,-
Provisional,1013,1,44,40,11,27.50%,29,72.50%
Total,1013,5,725,692,155,22.40%,537,77.60%
11155,,,,,,,,
Polling OS,705,1,64,62,37,59.68%,25,40.32%
Polling TS,705,1,0,0,0,-,0,-
VBM,705,1,206,201,63,31.34%,138,68.66%
Early,705,1,0,0,0,-,0,-
Provisional,705,1,66,59,23,38.98%,36,61.02%
Total,705,5,336,322,123,38.20%,199,61.80%
11157,,,,,,,,
Polling OS,1053,1,174,170,61,35.88%,109,64.12%
Polling TS,1053,1,0,0,0,-,0,-
VBM,1053,1,320,314,116,36.94%,198,63.06%
Early,1053,1,0,0,0,-,0,-
Provisional,1053,1,92,83,26,31.33%,57,68.67%
Total,1053,5,586,567,203,35.80%,364,64.20%
11158,,,,,,,,
Polling OS,896,1,105,99,31,31.31%,68,68.69%
Polling TS,896,1,0,0,0,-,0,-
VBM,896,1,337,321,116,36.14%,205,63.86%
Early,896,1,0,0,0,-,0,-
Provisional,896,1,79,78,34,43.59%,44,56.41%
P,,,,Statement of Votes Cast,,,,Date:12/06/16
,,,,,,,,Time:10:17:46
,,,,2016 General Election,,,,
,,,,,,,,Page:2611 of 6804
,,"SOVC For Jurisdiction Wide, All Counters, All Races",,,,,,
by Precinct,,,,,,,,
,,,,OFFICIAL FINAL RESULTS,,,,PDF Page: 3041 of 7391
,,,STOCKTON MAYOR,,,,,
Reg. Voters,Vote For,Times Counted,Total Votes,ANTHONY SILVA,,MICHAEL TUBBS,,
Total,896,5,521,498,181,36.35%,317,63.65%
11164,,,,,,,,
Polling OS,959,1,137,134,42,31.34%,92,68.66%
Polling TS,959,1,0,0,0,-,0,-
VBM,959,1,332,322,97,30.12%,225,69.88%
Early,959,1,0,0,0,-,0,-
Provisional,959,1,90,80,27,33.75%,53,66.25%
Total,959,5,559,536,166,30.97%,370,69.03%
11168,,,,,,,,
Polling OS,1016,1,186,172,57,33.14%,115,66.86%
Polling TS,1016,1,0,0,0,-,0,-
VBM,1016,1,318,311,112,36.01%,199,63.99%
Early,1016,1,0,0,0,-,0,-
Provisional,1016,1,102,99,42,42.42%,57,57.58%
Total,1016,5,606,582,211,36.25%,371,63.75%
11169,,,,,,,,
Polling OS,1702,1,294,268,102,38.06%,166,61.94%
Polling TS,1702,1,0,0,0,-,0,-
VBM,1702,1,707,659,231,35.05%,428,64.95%
Early,1702,1,0,0,0,-,0,-
Provisional,1702,1,128,114,44,38.60%,70,61.40%
Total,1702,5,1129,1041,377,36.22%,664,63.78%
11201,,,,,,,,
Polling OS,1313,1,262,246,49,19.92%,197,80.08%
Polling TS,1313,1,0,0,0,-,0,-
VBM,1313,1,676,640,108,16.88%,532,83.13%
Early,1313,1,0,0,0,-,0,-
Provisional,1313,1,61,57,14,24.56%,43,75.44%
Total,1313,5,999,943,171,18.13%,772,81.87%
11203,,,,,,,,
Polling OS,1301,1,263,257,63,24.51%,194,75.49%
Polling TS,1301,1,0,0,0,-,0,-
VBM,1301,1,763,711,107,15.05%,604,84.95%
Early,1301,1,0,0,0,-,0,-
Provisional,1301,1,46,41,11,26.83%,30,73.17%
Total,1301,5,1072,1009,181,17.94%,828,82.06%
11205,,,,,,,,
Polling OS,448,1,113,108,32,29.63%,76,70.37%
Polling TS,448,1,0,0,0,-,0,-
VBM,448,1,231,223,20,8.97%,203,91.03%
Early,448,1,0,0,0,-,0,-
Provisional,448,1,18,17,2,11.76%,15,88.24%
P,,,,Statement of Votes Cast,,,,Date:12/06/16
,,,,,,,,Time:10:17:46
,,,,2016 General Election,,,,
,,,,,,,,Page:2612 of 6804
,,"SOVC For Jurisdiction Wide, All Counters, All Races",,,,,,
by Precinct,,,,,,,,
,,,OFFICIAL FINAL RESULTS,,,,,PDF Page: 3042 of 7391
,,,STOCKTON MAYOR,,,,,
Reg. Voters,Vote For,Times Counted,Total Votes,ANTHONY SILVA,,MICHAEL TUBBS,,
Total,448,5,362,348,54,15.52%,294,84.48%
11206,,,,,,,,
Polling OS,1300,1,277,258,70,27.13%,188,72.87%
Polling TS,1300,1,0,0,0,-,0,-
VBM,1300,1,667,638,128,20.06%,510,79.94%
Early,1300,1,0,0,0,-,0,-
Provisional,1300,1,72,65,21,32.31%,44,67.69%
Total,1300,5,1016,961,219,22.79%,742,77.21%
11208,,,,,,,,
Polling OS,1431,1,191,183,63,34.43%,120,65.57%
Polling TS,1431,1,4,4,0,0.00%,4,100.00%
VBM,1431,1,483,459,142,30.94%,317,69.06%
Early,1431,1,0,0,0,-,0,-
Provisional,1431,1,101,93,31,33.33%,62,66.67%
Total,1431,5,779,739,236,31.94%,503,68.06%
11209,,,,,,,,
Polling OS,794,1,114,108,28,25.93%,80,74.07%
Polling TS,794,1,0,0,0,-,0,-
VBM,794,1,496,464,97,20.91%,367,79.09%
Early,794,1,0,0,0,-,0,-
Provisional,794,1,35,32,10,31.25%,22,68.75%
Total,794,5,645,604,135,22.35%,469,77.65%
11211,,,,,,,,
Polling OS,1470,1,209,204,61,29.90%,143,70.10%
Polling TS,1470,1,0,0,0,-,0,-
VBM,1470,1,503,471,140,29.72%,331,70.28%
Early,1470,1,1,1,1,100.00%,0,0.00%
Provisional,1470,1,145,136,45,33.09%,91,66.91%
Total,1470,5,858,812,247,30.42%,565,69.58%
11212,,,,,,,,
Polling OS,707,1,132,124,33,26.61%,91,73.39%
Polling TS,707,1,0,0,0,-,0,-
VBM,707,1,232,225,70,31.11%,155,68.89%
Early,707,1,0,0,0,-,0,-
Provisional,707,1,49,41,14,34.15%,27,65.85%
Total,707,5,413,390,117,30.00%,273,70.00%
11214,,,,,,,,
Polling OS,1392,1,135,130,39,30.00%,91,70.00%
Polling TS,1392,1,4,4,3,75.00%,1,25.00%
VBM,1392,1,431,411,130,31.63%,281,68.37%
Early,1392,1,0,0,0,-,0,-
Provisional,1392,1,82,79,26,32.91%,53,67.09%
P,,,,Statement of Votes Cast,,,,Date:12/06/16
,,,,,,,,Time:10:17:46
,,,,2016 General Election,,,,
,,,,,,,,Page:2613 of 6804
,,"SOVC For Jurisdiction Wide, All Counters, All Races",,,,,,
by Precinct,,,,,,,,
,,,,OFFICIAL FINAL RESULTS,,,,PDF Page: 3043 of 7391
,,,STOCKTON MAYOR,,,,,
Reg. Voters,Vote For,Times Counted,Total Votes,ANTHONY SILVA,,MICHAEL TUBBS,,
Total,1392,5,652,624,198,31.73%,426,68.27%
11215,,,,,,,,
Polling OS,1188,1,117,112,33,29.46%,79,70.54%
Polling TS,1188,1,0,0,0,-,0,-
VBM,1188,1,397,382,96,25.13%,286,74.87%
Early,1188,1,0,0,0,-,0,-
Provisional,1188,1,78,75,21,28.00%,54,72.00%
Total,1188,5,592,569,150,26.36%,419,73.64%
11216,,,,,,,,
Polling OS,768,1,86,84,28,33.33%,56,66.67%
Polling TS,768,1,0,0,0,-,0,-
VBM,768,1,193,189,65,34.39%,124,65.61%
Early,768,1,0,0,0,-,0,-
Provisional,768,1,48,41,20,48.78%,21,51.22%
Total,768,5,327,314,113,35.99%,201,64.01%
11217,,,,,,,,
Polling OS,1448,1,282,264,48,18.18%,216,81.82%
Polling TS,1448,1,2,2,0,0.00%,2,100.00%
VBM,1448,1,800,766,105,13.71%,661,86.29%
Early,1448,1,0,0,0,-,0,-
Provisional,1448,1,68,61,12,19.67%,49,80.33%
Total,1448,5,1152,1093,165,15.10%,928,84.90%
11218,,,,,,,,
Polling OS,798,1,135,126,39,30.95%,87,69.05%
Polling TS,798,1,0,0,0,-,0,-
VBM,798,1,318,301,87,28.90%,214,71.10%
Early,798,1,0,0,0,-,0,-
Provisional,798,1,54,51,14,27.45%,37,72.55%
Total,798,5,507,478,140,29.29%,338,70.71%
11219,,,,,,,,
Polling OS,1103,1,223,212,36,16.98%,176,83.02%
Polling TS,1103,1,0,0,0,-,0,-
VBM,1103,1,619,591,93,15.74%,498,84.26%
Early,1103,1,0,0,0,-,0,-
Provisional,1103,1,39,32,6,18.75%,26,81.25%
Total,1103,5,881,835,135,16.17%,700,83.83%
11220,,,,,,,,
Polling OS,655,1,82,76,24,31.58%,52,68.42%
Polling TS,655,1,0,0,0,-,0,-
VBM,655,1,251,239,69,28.87%,170,71.13%
Early,655,1,0,0,0,-,0,-
Provisional,655,1,33,33,10,30.30%,23,69.70%
P,,,,Statement of Votes Cast,,,,Date:12/06/16
,,,,,,,,Time:10:17:46
,,,,2016 General Election,,,,
,,,,,,,,Page:2614 of 6804
,,"SOVC For Jurisdiction Wide, All Counters, All Races",,,,,,
by Precinct,,,,,,,,
,,,OFFICIAL FINAL RESULTS,,,,,PDF Page: 3044 of 7391
,,,STOCKTON MAYOR,,,,,
Reg. Voters,Vote For,Times Counted,Total Votes,ANTHONY SILVA,,MICHAEL TUBBS,,
Total,655,5,366,348,103,29.60%,245,70.40%
11221,,,,,,,,
Polling OS,894,1,151,147,37,25.17%,110,74.83%
Polling TS,894,1,1,1,0,0.00%,1,100.00%
VBM,894,1,410,391,85,21.74%,306,78.26%
Early,894,1,0,0,0,-,0,-
Provisional,894,1,56,47,14,29.79%,33,70.21%
Total,894,5,618,586,136,23.21%,450,76.79%
11224,,,,,,,,
Polling OS,1085,1,173,163,46,28.22%,117,71.78%
Polling TS,1085,1,0,0,0,-,0,-
VBM,1085,1,458,442,116,26.24%,326,73.76%
Early,1085,1,0,0,0,-,0,-
Provisional,1085,1,64,53,21,39.62%,32,60.38%
Total,1085,5,695,658,183,27.81%,475,72.19%
11226,,,,,,,,
Polling OS,1575,1,194,176,65,36.93%,111,63.07%
Polling TS,1575,1,0,0,0,-,0,-
VBM,1575,1,592,572,183,31.99%,389,68.01%
Early,1575,1,0,0,0,-,0,-
Provisional,1575,1,107,101,35,34.65%,66,65.35%
Total,1575,5,893,849,283,33.33%,566,66.67%
11227,,,,,,,,
Polling OS,748,1,112,108,27,25.00%,81,75.00%
Polling TS,748,1,0,0,0,-,0,-
VBM,748,1,283,267,68,25.47%,199,74.53%
Early,748,1,0,0,0,-,0,-
Provisional,748,1,60,58,19,32.76%,39,67.24%
Total,748,5,455,433,114,26.33%,319,73.67%
11228,,,,,,,,
Polling OS,613,1,107,101,34,33.66%,67,66.34%
Polling TS,613,1,0,0,0,-,0,-
VBM,613,1,263,244,87,35.66%,157,64.34%
Early,613,1,0,0,0,-,0,-
Provisional,613,1,28,24,6,25.00%,18,75.00%
Total,613,5,398,369,127,34.42%,242,65.58%
11229,,,,,,,,
Polling OS,1467,1,260,249,58,23.29%,191,76.71%
Polling TS,1467,1,0,0,0,-,0,-
VBM,1467,1,730,692,133,19.22%,559,80.78%
Early,1467,1,0,0,0,-,0,-
Provisional,1467,1,102,97,34,35.05%,63,64.95%
P,,,,Statement of Votes Cast,,,,Date:12/06/16
,,,,,,,,Time:10:17:46
,,,,2016 General Election,,,,
,,,,,,,,Page:2615 of 6804
,,"SOVC For Jurisdiction Wide, All Counters, All Races",,,,,,
by Precinct,,,,,,,,
,,,,OFFICIAL FINAL RESULTS,,,,PDF Page: 3045 of 7391
,,,STOCKTON MAYOR,,,,,
Reg. Voters,Vote For,Times Counted,Total Votes,ANTHONY SILVA,,MICHAEL TUBBS,,
Total,1467,5,1092,1038,225,21.68%,813,78.32%
11230,,,,,,,,
Polling OS,795,1,119,112,22,19.64%,90,80.36%
Polling TS,795,1,0,0,0,-,0,-
VBM,795,1,420,390,81,20.77%,309,79.23%
Early,795,1,0,0,0,-,0,-
Provisional,795,1,36,30,9,30.00%,21,70.00%
Total,795,5,575,532,112,21.05%,420,78.95%
11232,,,,,,,,
Polling OS,1436,1,230,219,91,41.55%,128,58.45%
Polling TS,1436,1,0,0,0,-,0,-
VBM,1436,1,581,545,136,24.95%,409,75.05%
Early,1436,1,0,0,0,-,0,-
Provisional,1436,1,87,78,24,30.77%,54,69.23%
Total,1436,5,898,842,251,29.81%,591,70.19%
11233,,,,,,,,
Polling OS,590,1,140,132,25,18.94%,107,81.06%
Polling TS,590,1,0,0,0,-,0,-
VBM,590,1,284,268,51,19.03%,217,80.97%
Early,590,1,0,0,0,-,0,-
Provisional,590,1,27,22,4,18.18%,18,81.82%
Total,590,5,451,422,80,18.96%,342,81.04%
11235,,,,,,,,
Polling OS,657,1,56,53,11,20.75%,42,79.25%
Polling TS,657,1,0,0,0,-,0,-
VBM,657,1,244,231,73,31.60%,158,68.40%
Early,657,1,0,0,0,-,0,-
Provisional,657,1,49,46,17,36.96%,29,63.04%
Total,657,5,349,330,101,30.61%,229,69.39%
11237,,,,,,,,
Polling OS,1140,1,146,140,53,37.86%,87,62.14%
Polling TS,1140,1,1,1,0,0.00%,1,100.00%
VBM,1140,1,362,344,112,32.56%,232,67.44%
Early,1140,1,0,0,0,-,0,-
Provisional,1140,1,68,61,27,44.26%,34,55.74%
Total,1140,5,577,546,192,35.16%,354,64.84%
11238,,,,,,,,
Polling OS,1741,1,255,235,72,30.64%,163,69.36%
Polling TS,1741,1,3,3,1,33.33%,2,66.67%
VBM,1741,1,875,823,253,30.74%,570,69.26%
Early,1741,1,0,0,0,-,0,-
Provisional,1741,1,75,68,27,39.71%,41,60.29%
P,,,,Statement of Votes Cast,,,,Date:12/06/16
,,,,,,,,Time:10:17:47
,,,,2016 General Election,,,,
,,,,,,,,Page:2616 of 6804
,,"SOVC For Jurisdiction Wide, All Counters, All Races",,,,,,
by Precinct,,,,,,,,
,,,,OFFICIAL FINAL RESULTS,,,,PDF Page: 3046 of 7391
,,,STOCKTON MAYOR,,,,,
Reg. Voters,Vote For,Times Counted,Total Votes,ANTHONY SILVA,,MICHAEL TUBBS,,
Total,1741,5,1208,1129,353,31.27%,776,68.73%
11241,,,,,,,,
Polling OS,1091,1,186,175,48,27.43%,127,72.57%
Polling TS,1091,1,0,0,0,-,0,-
VBM,1091,1,485,471,119,25.27%,352,74.73%
Early,1091,1,0,0,0,-,0,-
Provisional,1091,1,92,83,25,30.12%,58,69.88%
Total,1091,5,763,729,192,26.34%,537,73.66%
11242,,,,,,,,
Polling OS,1446,1,270,257,70,27.24%,187,72.76%
Polling TS,1446,1,1,0,0,-,0,-
VBM,1446,1,577,549,118,21.49%,431,78.51%
Early,1446,1,0,0,0,-,0,-
Provisional,1446,1,98,90,29,32.22%,61,67.78%
Total,1446,5,946,896,217,24.22%,679,75.78%
11243,,,,,,,,
Polling OS,1379,1,201,191,53,27.75%,138,72.25%
Polling TS,1379,1,0,0,0,-,0,-
VBM,1379,1,560,532,118,22.18%,414,77.82%
Early,1379,1,0,0,0,-,0,-
Provisional,1379,1,147,132,38,28.79%,94,71.21%
Total,1379,5,908,855,209,24.44%,646,75.56%
11245,,,,,,,,
Polling OS,988,1,155,151,41,27.15%,110,72.85%
Polling TS,988,1,0,0,0,-,0,-
VBM,988,1,494,459,98,21.35%,361,78.65%
Early,988,1,0,0,0,-,0,-
Provisional,988,1,64,59,18,30.51%,41,69.49%
Total,988,5,713,669,157,23.47%,512,76.53%
11249,,,,,,,,
Polling OS,1445,1,218,205,62,30.24%,143,69.76%
Polling TS,1445,1,0,0,0,-,0,-
VBM,1445,1,607,582,190,32.65%,392,67.35%
Early,1445,1,0,0,0,-,0,-
Provisional,1445,1,57,54,23,42.59%,31,57.41%
Total,1445,5,882,841,275,32.70%,566,67.30%
11251,,,,,,,,
Polling OS,1103,1,127,122,44,36.07%,78,63.93%
Polling TS,1103,1,0,0,0,-,0,-
VBM,1103,1,418,393,129,32.82%,264,67.18%
Early,1103,1,0,0,0,-,0,-
Provisional,1103,1,85,82,29,35.37%,53,64.63%
P,,,,Statement of Votes Cast,,,,Date:12/06/16
,,,,,,,,Time:10:17:47
,,,,2016 General Election,,,,
,,,,,,,,Page:2617 of 6804
,,"SOVC For Jurisdiction Wide, All Counters, All Races",,,,,,
by Precinct,,,,,,,,
,,,OFFICIAL FINAL RESULTS,,,,,PDF Page: 3047 of 7391
,,,STOCKTON MAYOR,,,,,
Reg. Voters,Vote For,Times Counted,Total Votes,ANTHONY SILVA,,MICHAEL TUBBS,,
Total,1103,5,630,597,202,33.84%,395,66.16%
11253,,,,,,,,
Polling OS,1469,1,181,177,58,32.77%,119,67.23%
Polling TS,1469,1,0,0,0,-,0,-
VBM,1469,1,524,497,165,33.20%,332,66.80%
Early,1469,1,0,0,0,-,0,-
Provisional,1469,1,86,79,23,29.11%,56,70.89%
Total,1469,5,791,753,246,32.67%,507,67.33%
11254,,,,,,,,
Polling OS,1170,1,192,187,72,38.50%,115,61.50%
Polling TS,1170,1,8,7,3,42.86%,4,57.14%
VBM,1170,1,360,349,97,27.79%,252,72.21%
Early,1170,1,0,0,0,-,0,-
Provisional,1170,1,104,96,25,26.04%,71,73.96%
Total,1170,5,664,639,197,30.83%,442,69.17%
11255,,,,,,,,
Polling OS,1428,1,200,186,69,37.10%,117,62.90%
Polling TS,1428,1,0,0,0,-,0,-
VBM,1428,1,580,547,174,31.81%,373,68.19%
Early,1428,1,0,0,0,-,0,-
Provisional,1428,1,93,86,28,32.56%,58,67.44%
Total,1428,5,873,819,271,33.09%,548,66.91%
11256,,,,,,,,
Polling OS,975,1,153,150,60,40.00%,90,60.00%
Polling TS,975,1,30,29,11,37.93%,18,62.07%
VBM,975,1,376,358,105,29.33%,253,70.67%
Early,975,1,0,0,0,-,0,-
Provisional,975,1,39,34,11,32.35%,23,67.65%
Total,975,5,598,571,187,32.75%,384,67.25%
11258,,,,,,,,
Polling OS,1688,1,270,260,70,26.92%,190,73.08%
Polling TS,1688,1,3,3,1,33.33%,2,66.67%
VBM,1688,1,667,639,179,28.01%,460,71.99%
Early,1688,1,0,0,0,-,0,-
Provisional,1688,1,103,97,34,35.05%,63,64.95%
Total,1688,5,1043,999,284,28.43%,715,71.57%
11259,,,,,,,,
Polling OS,540,1,123,116,39,33.62%,77,66.38%
Polling TS,540,1,0,0,0,-,0,-
VBM,540,1,246,232,45,19.40%,187,80.60%
Early,540,1,0,0,0,-,0,-
Provisional,540,1,59,56,18,32.14%,38,67.86%
P,,,,Statement of Votes Cast,,,,Date:12/06/16
,,,,,,,,Time:10:17:47
,,,,2016 General Election,,,,
,,,,,,,,Page:2618 of 6804
,,"SOVC For Jurisdiction Wide, All Counters, All Races",,,,,,
by Precinct,,,,,,,,
,,,OFFICIAL FINAL RESULTS,,,,,PDF Page: 3048 of 7391
,,,STOCKTON MAYOR,,,,,
Reg. Voters,Vote For,Times Counted,Total Votes,ANTHONY SILVA,,MICHAEL TUBBS,,
Total,540,5,428,404,102,25.25%,302,74.75%
11263,,,,,,,,
Polling OS,939,1,133,128,39,30.47%,89,69.53%
Polling TS,939,1,0,0,0,-,0,-
VBM,939,1,345,332,106,31.93%,226,68.07%
Early,939,1,0,0,0,-,0,-
Provisional,939,1,63,58,19,32.76%,39,67.24%
Total,939,5,541,518,164,31.66%,354,68.34%
11265,,,,,,,,
Polling OS,565,1,96,84,28,33.33%,56,66.67%
Polling TS,565,1,7,7,1,14.29%,6,85.71%
VBM,565,1,229,216,66,30.56%,150,69.44%
Early,565,1,0,0,0,-,0,-
Provisional,565,1,78,72,25,34.72%,47,65.28%
Total,565,5,410,379,120,31.66%,259,68.34%
11266,,,,,,,,
Polling OS,1469,1,237,229,95,41.48%,134,58.52%
Polling TS,1469,1,8,8,0,0.00%,8,100.00%
VBM,1469,1,542,512,170,33.20%,342,66.80%
Early,1469,1,0,0,0,-,0,-
Provisional,1469,1,83,74,28,37.84%,46,62.16%
Total,1469,5,870,823,293,35.60%,530,64.40%
11270,,,,,,,,
Polling OS,1511,1,146,139,60,43.17%,79,56.83%
Polling TS,1511,1,1,1,0,0.00%,1,100.00%
VBM,1511,1,482,455,175,38.46%,280,61.54%
Early,1511,1,0,0,0,-,0,-
Provisional,1511,1,108,102,42,41.18%,60,58.82%
Total,1511,5,737,697,277,39.74%,420,60.26%
11271,,,,,,,,
Polling OS,900,1,124,117,39,33.33%,78,66.67%
Polling TS,900,1,0,0,0,-,0,-
VBM,900,1,350,343,108,31.49%,235,68.51%
Early,900,1,0,0,0,-,0,-
Provisional,900,1,61,55,18,32.73%,37,67.27%
Total,900,5,535,515,165,32.04%,350,67.96%
11272,,,,,,,,
Polling OS,2048,1,317,306,101,33.01%,205,66.99%
Polling TS,2048,1,1,1,1,100.00%,0,0.00%
VBM,2048,1,777,758,231,30.47%,527,69.53%
Early,2048,1,0,0,0,-,0,-
Provisional,2048,1,139,126,42,33.33%,84,66.67%
P,,,,Statement of Votes Cast,,,,Date:12/06/16
,,,,,,,,Time:10:17:47
,,,,2016 General Election,,,,
,,,,,,,,Page:2619 of 6804
,,"SOVC For Jurisdiction Wide, All Counters, All Races",,,,,,
by Precinct,,,,,,,,
,,,,OFFICIAL FINAL RESULTS,,,,PDF Page: 3049 of 7391
,,,STOCKTON MAYOR,,,,,
Reg. Voters,Vote For,Times Counted,Total Votes,ANTHONY SILVA,,MICHAEL TUBBS,,
Total,2048,5,1234,1191,375,31.49%,816,68.51%
11274,,,,,,,,
Polling OS,572,1,82,78,26,33.33%,52,66.67%
Polling TS,572,1,0,0,0,-,0,-
VBM,572,1,192,186,65,34.95%,121,65.05%
Early,572,1,0,0,0,-,0,-
Provisional,572,1,40,39,15,38.46%,24,61.54%
Total,572,5,314,303,106,34.98%,197,65.02%
11275,,,,,,,,
Polling OS,1374,1,140,136,50,36.76%,86,63.24%
Polling TS,1374,1,0,0,0,-,0,-
VBM,1374,1,597,568,197,34.68%,371,65.32%
Early,1374,1,0,0,0,-,0,-
Provisional,1374,1,70,66,27,40.91%,39,59.09%
Total,1374,5,807,770,274,35.58%,496,64.42%
11278,,,,,,,,
Polling OS,875,1,87,83,30,36.14%,53,63.86%
Polling TS,875,1,1,1,1,100.00%,0,0.00%
VBM,875,1,255,250,85,34.00%,165,66.00%
Early,875,1,0,0,0,-,0,-
Provisional,875,1,57,52,22,42.31%,30,57.69%
Total,875,5,400,386,138,35.75%,248,64.25%
11302,,,,,,,,
Polling OS,1315,1,197,184,56,30.43%,128,69.57%
Polling TS,1315,1,0,0,0,-,0,-
VBM,1315,1,498,476,163,34.24%,313,65.76%
Early,1315,1,0,0,0,-,0,-
Provisional,1315,1,96,83,24,28.92%,59,71.08%
Total,1315,5,791,743,243,32.71%,500,67.29%
11303,,,,,,,,
Polling OS,1313,1,288,266,86,32.33%,180,67.67%
Polling TS,1313,1,0,0,0,-,0,-
VBM,1313,1,642,588,169,28.74%,419,71.26%
Early,1313,1,0,0,0,-,0,-
Provisional,1313,1,70,66,23,34.85%,43,65.15%
Total,1313,5,1000,920,278,30.22%,642,69.78%
11304,,,,,,,,
Polling OS,852,1,153,143,32,22.38%,111,77.62%
Polling TS,852,1,0,0,0,-,0,-
VBM,852,1,489,460,69,15.00%,391,85.00%
Early,852,1,0,0,0,-,0,-
Provisional,852,1,28,26,4,15.38%,22,84.62%
P,,,,Statement of Votes Cast,,,,Date:12/06/16
,,,,,,,,Time:10:17:47
,,,,2016 General Election,,,,
,,,,,,,,Page:2620 of 6804
,,"SOVC For Jurisdiction Wide, All Counters, All Races",,,,,,
by Precinct,,,,,,,,
,,,,OFFICIAL FINAL RESULTS,,,,PDF Page: 3050 of 7391
,,,STOCKTON MAYOR,,,,,
Reg. Voters,Vote For,Times Counted,Total Votes,ANTHONY SILVA,,MICHAEL TUBBS,,
Total,852,5,670,629,105,16.69%,524,83.31%
11305,,,,,,,,
Polling OS,1638,1,267,249,34,13.65%,215,86.35%
Polling TS,1638,1,0,0,0,-,0,-
VBM,1638,1,1069,1013,101,9.97%,912,90.03%
Early,1638,1,0,0,0,-,0,-
Provisional,1638,1,45,41,4,9.76%,37,90.24%
Total,1638,5,1381,1303,139,10.67%,1164,89.33%
11306,,,,,,,,
Polling OS,830,1,115,111,42,37.84%,69,62.16%
Polling TS,830,1,1,1,1,100.00%,0,0.00%
VBM,830,1,315,302,88,29.14%,214,70.86%
Early,830,1,0,0,0,-,0,-
Provisional,830,1,65,60,20,33.33%,40,66.67%
Total,830,5,496,474,151,31.86%,323,68.14%
11307,,,,,,,,
Polling OS,947,1,148,137,44,32.12%,93,67.88%
Polling TS,947,1,0,0,0,-,0,-
VBM,947,1,416,391,130,33.25%,261,66.75%
Early,947,1,0,0,0,-,0,-
Provisional,947,1,55,54,24,44.44%,30,55.56%
Total,947,5,619,582,198,34.02%,384,65.98%
11308,,,,,,,,
Polling OS,1154,1,230,216,53,24.54%,163,75.46%
Polling TS,1154,1,1,1,0,0.00%,1,100.00%
VBM,1154,1,574,533,108,20.26%,425,79.74%
Early,1154,1,0,0,0,-,0,-
Provisional,1154,1,74,65,16,24.62%,49,75.38%
Total,1154,5,879,815,177,21.72%,638,78.28%
11309,,,,,,,,
Polling OS,952,1,183,172,32,18.60%,140,81.40%
Polling TS,952,1,0,0,0,-,0,-
VBM,952,1,482,452,87,19.25%,365,80.75%
Early,952,1,0,0,0,-,0,-
Provisional,952,1,58,55,17,30.91%,38,69.09%
Total,952,5,723,679,136,20.03%,543,79.97%
11310,,,,,,,,
Polling OS,811,1,118,111,36,32.43%,75,67.57%
Polling TS,811,1,0,0,0,-,0,-
VBM,811,1,390,372,85,22.85%,287,77.15%
Early,811,1,0,0,0,-,0,-
Provisional,811,1,44,37,14,37.84%,23,62.16%
P,,,,Statement of Votes Cast,,,,Date:12/06/16
,,,,,,,,Time:10:17:47
,,,,2016 General Election,,,,
,,,,,,,,Page:2621 of 6804
,,"SOVC For Jurisdiction Wide, All Counters, All Races",,,,,,
by Precinct,,,,,,,,
,,,OFFICIAL FINAL RESULTS,,,,,PDF Page: 3051 of 7391
,,,STOCKTON MAYOR,,,,,
Reg. Voters,Vote For,Times Counted,Total Votes,ANTHONY SILVA,,MICHAEL TUBBS,,
Total,811,5,552,520,135,25.96%,385,74.04%
11311,,,,,,,,
Polling OS,789,1,139,138,24,17.39%,114,82.61%
Polling TS,789,1,0,0,0,-,0,-
VBM,789,1,402,378,104,27.51%,274,72.49%
Early,789,1,0,0,0,-,0,-
Provisional,789,1,51,48,8,16.67%,40,83.33%
Total,789,5,592,564,136,24.11%,428,75.89%
11312,,,,,,,,
Polling OS,1464,1,255,245,89,36.33%,156,63.67%
Polling TS,1464,1,0,0,0,-,0,-
VBM,1464,1,656,619,204,32.96%,415,67.04%
Early,1464,1,1,1,0,0.00%,1,100.00%
Provisional,1464,1,106,94,27,28.72%,67,71.28%
Total,1464,5,1018,959,320,33.37%,639,66.63%
11314,,,,,,,,
Polling OS,1326,1,200,194,61,31.44%,133,68.56%
Polling TS,1326,1,1,1,0,0.00%,1,100.00%
VBM,1326,1,648,608,129,21.22%,479,78.78%
Early,1326,1,0,0,0,-,0,-
Provisional,1326,1,64,59,21,35.59%,38,64.41%
Total,1326,5,913,862,211,24.48%,651,75.52%
11315,,,,,,,,
Polling OS,1545,1,191,180,73,40.56%,107,59.44%
Polling TS,1545,1,0,0,0,-,0,-
VBM,1545,1,543,516,142,27.52%,374,72.48%
Early,1545,1,0,0,0,-,0,-
Provisional,1545,1,89,80,25,31.25%,55,68.75%
Total,1545,5,823,776,240,30.93%,536,69.07%
11316,,,,,,,,
Polling OS,680,1,140,134,40,29.85%,94,70.15%
Polling TS,680,1,1,1,0,0.00%,1,100.00%
VBM,680,1,280,271,77,28.41%,194,71.59%
Early,680,1,0,0,0,-,0,-
Provisional,680,1,19,18,6,33.33%,12,66.67%
Total,680,5,440,424,123,29.01%,301,70.99%
11317,,,,,,,,
Polling OS,708,1,117,114,41,35.96%,73,64.04%
Polling TS,708,1,0,0,0,-,0,-
VBM,708,1,255,248,71,28.63%,177,71.37%
Early,708,1,0,0,0,-,0,-
Provisional,708,1,37,34,13,38.24%,21,61.76%
P,,,,Statement of Votes Cast,,,,Date:12/06/16
,,,,,,,,Time:10:17:47
,,,,2016 General Election,,,,
,,,,,,,,Page:2622 of 6804
,,"SOVC For Jurisdiction Wide, All Counters, All Races",,,,,,
by Precinct,,,,,,,,
,,,,OFFICIAL FINAL RESULTS,,,,PDF Page: 3052 of 7391
,,,STOCKTON MAYOR,,,,,
Reg. Voters,Vote For,Times Counted,Total Votes,ANTHONY SILVA,,MICHAEL TUBBS,,
Total,708,5,409,396,125,31.57%,271,68.43%
11319,,,,,,,,
Polling OS,418,1,95,89,29,32.58%,60,67.42%
Polling TS,418,1,0,0,0,-,0,-
VBM,418,1,170,162,44,27.16%,118,72.84%
Early,418,1,0,0,0,-,0,-
Provisional,418,1,28,26,9,34.62%,17,65.38%
Total,418,5,293,277,82,29.60%,195,70.40%
11320,,,,,,,,
Polling OS,1535,1,279,268,73,27.24%,195,72.76%
Polling TS,1535,1,0,0,0,-,0,-
VBM,1535,1,701,673,163,24.22%,510,75.78%
Early,1535,1,0,0,0,-,0,-
Provisional,1535,1,119,112,42,37.50%,70,62.50%
Total,1535,5,1099,1053,278,26.40%,775,73.60%
11321,,,,,,,,
Polling OS,1538,1,269,256,80,31.25%,176,68.75%
Polling TS,1538,1,0,0,0,-,0,-
VBM,1538,1,758,727,170,23.38%,557,76.62%
Early,1538,1,0,0,0,-,0,-
Provisional,1538,1,91,83,22,26.51%,61,73.49%
Total,1538,5,1118,1066,272,25.52%,794,74.48%
11322,,,,,,,,
Polling OS,1451,1,168,163,52,31.90%,111,68.10%
Polling TS,1451,1,0,0,0,-,0,-
VBM,1451,1,475,455,156,34.29%,299,65.71%
Early,1451,1,0,0,0,-,0,-
Provisional,1451,1,110,96,40,41.67%,56,58.33%
Total,1451,5,753,714,248,34.73%,466,65.27%
11323,,,,,,,,
Polling OS,1530,1,259,249,91,36.55%,158,63.45%
Polling TS,1530,1,1,1,0,0.00%,1,100.00%
VBM,1530,1,548,521,158,30.33%,363,69.67%
Early,1530,1,0,0,0,-,0,-
Provisional,1530,1,119,110,39,35.45%,71,64.55%
Total,1530,5,927,881,288,32.69%,593,67.31%
11324,,,,,,,,
Polling OS,1008,1,186,172,47,27.33%,125,72.67%
Polling TS,1008,1,0,0,0,-,0,-
VBM,1008,1,459,415,113,27.23%,302,72.77%
Early,1008,1,0,0,0,-,0,-
Provisional,1008,1,55,50,13,26.00%,37,74.00%
P,,,,Statement of Votes Cast,,,,Date:12/06/16
,,,,,,,,Time:10:17:47
,,,,2016 General Election,,,,
,,,,,,,,Page:2623 of 6804
,,"SOVC For Jurisdiction Wide, All Counters, All Races",,,,,,
by Precinct,,,,,,,,
,,,,OFFICIAL FINAL RESULTS,,,,PDF Page: 3053 of 7391
,,,STOCKTON MAYOR,,,,,
Reg. Voters,Vote For,Times Counted,Total Votes,ANTHONY SILVA,,MICHAEL TUBBS,,
Total,1008,5,700,637,173,27.16%,464,72.84%
11325,,,,,,,,
Polling OS,1549,1,320,305,62,20.33%,243,79.67%
Polling TS,1549,1,0,0,0,-,0,-
VBM,1549,1,828,795,141,17.74%,654,82.26%
Early,1549,1,0,0,0,-,0,-
Provisional,1549,1,77,65,13,20.00%,52,80.00%
Total,1549,5,1225,1165,216,18.54%,949,81.46%
11326,,,,,,,,
Polling OS,674,1,125,123,34,27.64%,89,72.36%
Polling TS,674,1,0,0,0,-,0,-
VBM,674,1,322,295,80,27.12%,215,72.88%
Early,674,1,0,0,0,-,0,-
Provisional,674,1,49,48,22,45.83%,26,54.17%
Total,674,5,496,466,136,29.18%,330,70.82%
11327,,,,,,,,
Polling OS,1838,1,328,313,117,37.38%,196,62.62%
Polling TS,1838,1,0,0,0,-,0,-
VBM,1838,1,687,653,213,32.62%,440,67.38%
Early,1838,1,0,0,0,-,0,-
Provisional,1838,1,115,110,42,38.18%,68,61.82%
Total,1838,5,1130,1076,372,34.57%,704,65.43%
11332,,,,,,,,
Polling OS,1746,1,267,255,64,25.10%,191,74.90%
Polling TS,1746,1,0,0,0,-,0,-
VBM,1746,1,908,859,223,25.96%,636,74.04%
Early,1746,1,0,0,0,-,0,-
Provisional,1746,1,83,75,18,24.00%,57,76.00%
Total,1746,5,1258,1189,305,25.65%,884,74.35%
11333,,,,,,,,
Polling OS,692,1,128,123,39,31.71%,84,68.29%
Polling TS,692,1,0,0,0,-,0,-
VBM,692,1,362,333,75,22.52%,258,77.48%
Early,692,1,0,0,0,-,0,-
Provisional,692,1,40,38,7,18.42%,31,81.58%
Total,692,5,530,494,121,24.49%,373,75.51%
11335,,,,,,,,
Polling OS,1399,1,298,282,96,34.04%,186,65.96%
Polling TS,1399,1,0,0,0,-,0,-
VBM,1399,1,679,640,147,22.97%,493,77.03%
Early,1399,1,0,0,0,-,0,-
Provisional,1399,1,71,60,18,30.00%,42,70.00%
P,,,,Statement of Votes Cast,,,,Date:12/06/16
,,,,,,,,Time:10:17:47
,,,,2016 General Election,,,,
,,,,,,,,Page:2624 of 6804
,,"SOVC For Jurisdiction Wide, All Counters, All Races",,,,,,
by Precinct,,,,,,,,
,,,OFFICIAL FINAL RESULTS,,,,,PDF Page: 3054 of 7391
,,,STOCKTON MAYOR,,,,,
Reg. Voters,Vote For,Times Counted,Total Votes,ANTHONY SILVA,,MICHAEL TUBBS,,
Total,1399,5,1048,982,261,26.58%,721,73.42%
11338,,,,,,,,
Polling OS,1231,1,178,164,40,24.39%,124,75.61%
Polling TS,1231,1,0,0,0,-,0,-
VBM,1231,1,585,556,145,26.08%,411,73.92%
Early,1231,1,0,0,0,-,0,-
Provisional,1231,1,68,63,21,33.33%,42,66.67%
Total,1231,5,831,783,206,26.31%,577,73.69%
11342,,,,,,,,
Polling OS,681,1,109,98,23,23.47%,75,76.53%
Polling TS,681,1,0,0,0,-,0,-
VBM,681,1,239,227,52,22.91%,175,77.09%
Early,681,1,0,0,0,-,0,-
Provisional,681,1,46,42,11,26.19%,31,73.81%
Total,681,5,394,367,86,23.43%,281,76.57%
11343,,,,,,,,
Polling OS,678,1,101,97,24,24.74%,73,75.26%
Polling TS,678,1,2,2,0,0.00%,2,100.00%
VBM,678,1,361,341,96,28.15%,245,71.85%
Early,678,1,0,0,0,-,0,-
Provisional,678,1,38,35,14,40.00%,21,60.00%
Total,678,5,502,475,134,28.21%,341,71.79%
11345,,,,,,,,
Polling OS,683,1,100,97,29,29.90%,68,70.10%
Polling TS,683,1,0,0,0,-,0,-
VBM,683,1,373,358,98,27.37%,260,72.63%
Early,683,1,0,0,0,-,0,-
Provisional,683,1,34,29,7,24.14%,22,75.86%
Total,683,5,507,484,134,27.69%,350,72.31%
11346,,,,,,,,
Polling OS,711,1,168,160,61,38.13%,99,61.88%
Polling TS,711,1,0,0,0,-,0,-
VBM,711,1,323,307,72,23.45%,235,76.55%
Early,711,1,0,0,0,-,0,-
Provisional,711,1,45,43,9,20.93%,34,79.07%
Total,711,5,536,510,142,27.84%,368,72.16%
11348,,,,,,,,
Polling OS,789,1,165,159,35,22.01%,124,77.99%
Polling TS,789,1,0,0,0,-,0,-
VBM,789,1,430,403,69,17.12%,334,82.88%
Early,789,1,0,0,0,-,0,-
Provisional,789,1,30,28,7,25.00%,21,75.00%
P,,,,Statement of Votes Cast,,,,Date:12/06/16
,,,,,,,,Time:10:17:47
,,,,2016 General Election,,,,
,,,,,,,,Page:2625 of 6804
,,"SOVC For Jurisdiction Wide, All Counters, All Races",,,,,,
by Precinct,,,,,,,,
,,,OFFICIAL FINAL RESULTS,,,,,PDF Page: 3055 of 7391
,,,STOCKTON MAYOR,,,,,
Reg. Voters,Vote For,Times Counted,Total Votes,ANTHONY SILVA,,MICHAEL TUBBS,,
Total,789,5,625,590,111,18.81%,479,81.19%
33501,,,,,,,,
Polling OS,-,-,-,-,-,-,-,-
Polling TS,-,-,-,-,-,-,-,-
VBM,-,-,-,-,-,-,-,-
Early,-,-,-,-,-,-,-,-
Provisional,-,-,-,-,-,-,-,-
Total,-,-,-,-,-,-,-,-
33502,,,,,,,,
Polling OS,-,-,-,-,-,-,-,-
Polling TS,-,-,-,-,-,-,-,-
VBM,-,-,-,-,-,-,-,-
Early,-,-,-,-,-,-,-,-
Provisional,-,-,-,-,-,-,-,-
Total,-,-,-,-,-,-,-,-
33503,,,,,,,,
Polling OS,-,-,-,-,-,-,-,-
Polling TS,-,-,-,-,-,-,-,-
VBM,-,-,-,-,-,-,-,-
Early,-,-,-,-,-,-,-,-
Provisional,-,-,-,-,-,-,-,-
Total,-,-,-,-,-,-,-,-
33504,,,,,,,,
Polling OS,-,-,-,-,-,-,-,-
Polling TS,-,-,-,-,-,-,-,-
VBM,-,-,-,-,-,-,-,-
Early,-,-,-,-,-,-,-,-
Provisional,-,-,-,-,-,-,-,-
Total,-,-,-,-,-,-,-,-
33505,,,,,,,,
Polling OS,-,-,-,-,-,-,-,-
Polling TS,-,-,-,-,-,-,-,-
VBM,-,-,-,-,-,-,-,-
Early,-,-,-,-,-,-,-,-
Provisional,-,-,-,-,-,-,-,-
Total,-,-,-,-,-,-,-,-
33507,,,,,,,,
Polling OS,-,-,-,-,-,-,-,-
Polling TS,-,-,-,-,-,-,-,-
VBM,-,-,-,-,-,-,-,-
Early,-,-,-,-,-,-,-,-
Provisional,-,-,-,-,-,-,-,-
